"facility_name","description","address1","city","state","fac_zip","fac_phone","county","region_office","ownership_type","latitude","longitude"
"Albany Medical Center Hospital","Hospital","43 New Scotland Avenue","Albany","New York","12208","5182623474","Albany","Capital District Regional Office","Not for Profit Corporation","42.65337","-73.773834"
"Samaritan Hospital - Albany Memorial Campus","Hospital","600 Northern Boulevard","Albany","New York","12204","5184713221","Albany","Capital District Regional Office","Not for Profit Corporation","42.674271","-73.749268"
"St. Peter's Hospital","Hospital","315 South Manning Boulevard","Albany","New York","12208","5184541550","Albany","Capital District Regional Office","Not for Profit Corporation","42.657539","-73.803879"
"St. Peter's Addiction Recovery Center","Hospital","3 Mercycare Lane","Guilderland","New York","12084","5184526701","Albany","Capital District Regional Office","Not for Profit Corporation","42.701252","-73.904968"
"St. Peter's Addiction Recovery Center","Hospital","3 Mercycare Lane","Guilderland","New York","12084","5184526701","Albany","Capital District Regional Office","Not for Profit Corporation","42.701252","-73.904968"
"Albany Medical Center - South Clinical Campus","Hospital","25 Hackett Boulevard","Albany","New York","12208","5182621200","Albany","Capital District Regional Office","Not for Profit Corporation","42.645485","-73.77829"
"St. Peter's Hospital","Hospital","315 South Manning Boulevard","Albany","New York","12208","5184541550","Albany","Capital District Regional Office","Not for Profit Corporation","42.657539","-73.803879"
"Samaritan Hospital - Albany Memorial Campus","Hospital","600 Northern Boulevard","Albany","New York","12204","5184713221","Albany","Capital District Regional Office","Not for Profit Corporation","42.674271","-73.749268"
"Memorial Hosp of Wm F & Gertrude F Jones A/K/A Jones Memorial Hosp","Hospital","191 North Main Street","Wellsville","New York","14895","5855931100","Allegany","Western Regional Office - Buffalo","Not for Profit Corporation","42.122921","-77.949974"
"Jacobi Medical Center","Hospital","1400 Pelham Parkway","Bronx","New York","10461","7189185000","Bronx","Metropolitan Area Regional Office - New York City","Municipality","40.857388","-73.846741"
"Montefiore Medical Center-Wakefield Hospital","Hospital","600 East 233rd Street","Bronx","New York","10466","7189209000","Bronx","Metropolitan Area Regional Office - New York City","Not for Profit Corporation","40.894569","-73.86142"
"Montefiore Medical Center - Montefiore Westchester Square","Hospital","2475 St. Raymond Avenue","Bronx","New York","10461","7184307359","Bronx","Metropolitan Area Regional Office - New York City","Not for Profit Corporation","40.840431","-73.848244"
"SBH Health System","Hospital","4422 Third Avenue","Bronx","New York","10457","7189606100","Bronx","Metropolitan Area Regional Office - New York City","Not for Profit Corporation","40.853909","-73.891014"
"Calvary Hospital Inc","Hospital","1740-70 Eastchester Road","Bronx","New York","10461","7185182244","Bronx","Metropolitan Area Regional Office - New York City","Not for Profit Corporation","40.847294","-73.844658"
"Montefiore Medical Center - Henry & Lucy Moses Div","Hospital","111 East 210th Street","Bronx","New York","10467","7189202001","Bronx","Metropolitan Area Regional Office - New York City","Not for Profit Corporation",,
"BronxCare Hospital Center","Hospital","1276 Fulton Avenue","Bronx","New York","10456","7189018800","Bronx","Metropolitan Area Regional Office - New York City","Not for Profit Corporation","40.831772","-73.903656"
"Montefiore Med Center - Jack D Weiler Hosp of A Einstein College Div","Hospital","1825 Eastchester Road","Bronx","New York","10461","7189042001","Bronx","Metropolitan Area Regional Office - New York City","Not for Profit Corporation","40.849575","-73.845055"
"BronxCare Hospital Center","Hospital","1650 Grand Concourse","Bronx","New York","10457","7189018800","Bronx","Metropolitan Area Regional Office - New York City","Not for Profit Corporation","40.843609","-73.911545"
"Montefiore Einstein Children's Center for Mental Health of the Children's Hospital at Montefiore Einstein","Hospital","1300 Waters Place","Bronx","New York","10461","7189204813","Bronx","Metropolitan Area Regional Office - New York City","Not for Profit Corporation","40.84608","-73.83847"
"North Central Bronx Hospital","Hospital","3424 Kossuth Avenue & 210th Street","Bronx","New York","10467","7185193500","Bronx","Metropolitan Area Regional Office - New York City","Municipality","40.880512","-73.881538"
"Lincoln Medical & Mental Health Center","Hospital","234 East 149th Street","Bronx","New York","10451","7185795700","Bronx","Metropolitan Area Regional Office - New York City","Municipality","40.817661","-73.92421"
"United Health Services Hospitals Inc. - Wilson Medical Center","Hospital","33-57 Harrison Street","Johnson City","New York","13790","6077636000","Broome","Central New York Regional Office","Not for Profit Corporation","42.115063","-75.959122"
"Guthrie Lourdes Hospital","Hospital","169 Riverside Drive","Binghamton","New York","13905","6077985111","Broome","Central New York Regional Office","Not for Profit Corporation","42.092606","-75.935646"
"United Health Services Hospitals Inc. - Binghamton General Hospital","Hospital","10-42 Mitchell Avenue","Binghamton","New York","13903","6077622200","Broome","Central New York Regional Office","Not for Profit Corporation","42.088062","-75.91423"
"Olean General Hospital","Hospital","515 Main Street","Olean","New York","14760","7163756171","Cattaraugus","Western Regional Office - Buffalo","Not for Profit Corporation","42.089844","-78.42688"
"Olean General Hospital","Hospital","515 Main Street","Olean","New York","14760","7163756171","Cattaraugus","Western Regional Office - Buffalo","Not for Profit Corporation","42.089844","-78.42688"
"Auburn Community Hospital","Hospital","17 Lansing Street","Auburn","New York","13021","3152557209","Cayuga","Central New York Regional Office","Not for Profit Corporation","42.940811","-76.564758"
"Brooks-TLC Hospital System, Inc.","Hospital","529 Central Avenue","Dunkirk","New York","14048","7163661111","Chautauqua","Western Regional Office - Buffalo","Not for Profit Corporation","42.480774","-79.33387"
"UPMC Chautauqua at WCA","Hospital","207 Foote Avenue","Jamestown","New York","14701","7164870141","Chautauqua","Western Regional Office - Buffalo","Not for Profit Corporation","42.091236","-79.232872"
"UPMC Chautauqua at WCA","Hospital","51 Glasgow Avenue","Jamestown","New York","14701","7164870141","Chautauqua","Western Regional Office - Buffalo","Not for Profit Corporation","42.091541","-79.245094"
"Arnot Ogden Medical Center","Hospital","600 Roe Avenue","Elmira","New York","14905","6077374230","Chemung","Western Regional Office - Rochester","Not for Profit Corporation","42.099285","-76.826782"
"Arnot Ogden Medical Center","Hospital","600 Roe Avenue","Elmira","New York","14905","6077374230","Chemung","Western Regional Office - Rochester","Not for Profit Corporation","42.099285","-76.826782"
"St. Joseph's Hospital","Hospital","555 St. Joseph's Boulevard","Elmira","New York","14901","6077336541","Chemung","Western Regional Office - Rochester","Not for Profit Corporation","42.091446","-76.79686"
"St. Joseph's Hospital","Hospital","555 St. Joseph's Boulevard","Elmira","New York","14901","6077336541","Chemung","Western Regional Office - Rochester","Not for Profit Corporation","42.091446","-76.79686"
"Chenango Memorial Hospital Inc","Hospital","179 North Broad St","Norwich","New York","13815","6073374111","Chenango","Central New York Regional Office","Not for Profit Corporation","42.541813","-75.524773"
"The University of Vermont Health Network - Champlain Valley Physicians Hospital","Hospital","75 Beekman St","Plattsburgh","New York","12901","5185612000","Clinton","Capital District Regional Office","Not for Profit Corporation","44.700279","-73.466751"
"Columbia Memorial Hospital","Hospital","71 Prospect Ave","Hudson","New York","12534","5188287601","Columbia","Capital District Regional Office","Not for Profit Corporation","42.246239","-73.776306"
"Guthrie Cortland Medical Center","Hospital","134 Homer Avenue","Cortland","New York","13045","6077567525","Cortland","Central New York Regional Office","Not for Profit Corporation","42.609051","-76.186195"
"A.O. Fox Memorial Hospital - Tri-Town Campus","Hospital","43 Pearl Street West","Sidney","New York","13838","6075612021","Delaware","Capital District Regional Office","Not for Profit Corporation","42.30471","-75.39492"
"Vassar Brothers Medical Center","Hospital","45 Reade Place","Poughkeepsie","New York","12601","8454548500","Dutchess","Metropolitan Area Regional Office - New Rochelle","Not for Profit Corporation","41.694523","-73.935799"
"Mid-Hudson Valley Division of Westchester Medical Center","Hospital","241 North Road","Poughkeepsie","New York","12601","8454835000","Dutchess","Metropolitan Area Regional Office - New Rochelle","Public Benefit Corporation","41.7175","-73.92819"
"Vassar Brothers Medical Center","Hospital","45 Reade Place","Poughkeepsie","New York","12601","8454548500","Dutchess","Metropolitan Area Regional Office - New Rochelle","Not for Profit Corporation","41.694523","-73.935799"
"Northern Dutchess Hospital","Hospital","6511 Springbrook Avenue","Rhinebeck","New York","12572","8458713001","Dutchess","Metropolitan Area Regional Office - New Rochelle","Not for Profit Corporation","41.934223","-73.912331"
"Northern Dutchess Hospital","Hospital","6511 Springbrook Avenue","Rhinebeck","New York","12572","8458713001","Dutchess","Metropolitan Area Regional Office - New Rochelle","Not for Profit Corporation","41.934223","-73.912331"
"Golisano Children's Hospital of Buffalo","Hospital","818 Ellicott Street","Buffalo","New York","14203","7168787000","Erie","Western Regional Office - Buffalo","Not for Profit Corporation","42.900716","-78.867203"
"Mercy Hospital - Mercy Hospital Orchard Park Division","Hospital","3669 Southwestern Blvd","Orchard Park","New York","14127","7166620500","Erie","Western Regional Office - Buffalo","Not for Profit Corporation","42.781742","-78.77224"
"Mercy Hospital of Buffalo","Hospital","565 Abbott Road","Buffalo","New York","14220","7168267000","Erie","Western Regional Office - Buffalo","Not for Profit Corporation","42.84853","-78.812859"
"Erie County Medical Center","Hospital","462 Grider Street","Buffalo","New York","14215","7168983000","Erie","Western Regional Office - Buffalo","Public Benefit Corporation","42.92717","-78.829224"
"Buffalo General Medical Center","Hospital","100 High Street","Buffalo","New York","14203","7168595600","Erie","Western Regional Office - Buffalo","Not for Profit Corporation","42.900394","-78.865707"
"Bertrand Chaffee Hospital","Hospital","224 East Main St","Springville","New York","14141","7165922871","Erie","Western Regional Office - Buffalo","Not for Profit Corporation","42.508575","-78.659103"
"Millard Fillmore Suburban Hospital","Hospital","1540 Maple Road","Amherst","New York","14221","7165683600","Erie","Western Regional Office - Buffalo","Not for Profit Corporation","42.991219","-78.72982"
"Sisters of Charity Hospital","Hospital","2157 Main Street","Buffalo","New York","14214","7168621000","Erie","Western Regional Office - Buffalo","Not for Profit Corporation","42.92905","-78.849953"
"Sisters of Charity Hospital - St. Joseph Campus","Hospital","2605 Harlem Road","Cheektowaga","New York","14225","7168912400","Erie","Western Regional Office - Buffalo","Not for Profit Corporation","42.914642","-78.784241"
"Roswell Park Cancer Institute","Hospital","Elm and Carlton Streets","Buffalo","New York","14263","7168452300","Erie","Western Regional Office - Buffalo","Public Benefit Corporation","42.898525","-78.865013"
"Kenmore Mercy Hospital","Hospital","2950 Elmwood Avenue","Kenmore","New York","14217","7164476100","Erie","Western Regional Office - Buffalo","Not for Profit Corporation","42.977848","-78.878754"
"Adirondack Medical Center-Lake Placid Site","Hospital","203 Old Military Road","Lake Placid","New York","12946","5185233311","Essex","Capital District Regional Office","Not for Profit Corporation","44.266376","-73.98455"
"Adirondack Medical Center-Saranac Lake Site","Hospital","2233 State Route 86, P.O. Box 471","Saranac Lake","New York","12983","5188914141","Franklin","Capital District Regional Office","Not for Profit Corporation","44.343929","-74.144363"
"Nathan Littauer Hospital","Hospital","99 East State Street","Gloversville","New York","12078","5187258621","Fulton","Capital District Regional Office","Not for Profit Corporation","43.068096","-74.330643"
"United Memorial Medical Center Bank Street Campus","Hospital","16 Bank Street","Batavia","New York","14020","5853436030","Genesee","Western Regional Office - Buffalo","Not for Profit Corporation","42.998436","-78.181587"
"United Memorial Medical Center North Street Campus","Hospital","127 North St","Batavia","New York","14020","5853436030","Genesee","Western Regional Office - Buffalo","Not for Profit Corporation","43.00404","-78.177475"
"Samaritan Medical Center","Hospital","830 Washington Street","Watertown","New York","13601","3157854000","Jefferson","Central New York Regional Office","Not for Profit Corporation","43.964928","-75.912827"
"Kingsbrook Jewish Medical Village","Hospital","585 Schenectady Avenue","Brooklyn","New York","11203","7186045000","Kings","Metropolitan Area Regional Office - New York City","Not for Profit Corporation","40.659435","-73.934036"
"Brookdale Hospital Medical Center","Hospital","1 Brookdale Plaza","Brooklyn","New York","11212-3139","7182405276","Kings","Metropolitan Area Regional Office - New York City","Not for Profit Corporation","40.655066","-73.912579"
"Interfaith Medical Center","Hospital","1545 Atlantic Avenue","Brooklyn","New York","11213","7189357000","Kings","Metropolitan Area Regional Office - New York City","Not for Profit Corporation","40.67794","-73.937515"
"South Brooklyn Health","Hospital","2601 Ocean Parkway","Brooklyn","New York","11235","7186163000","Kings","Metropolitan Area Regional Office - New York City","Municipality","40.58662","-73.965797"
"NewYork-Presbyterian Brooklyn Methodist Hospital","Hospital","506 Sixth Street","Brooklyn","New York","11215","7187803101","Kings","Metropolitan Area Regional Office - New York City","Not for Profit Corporation","40.668087","-73.978905"
"Woodhull Medical & Mental Health Center","Hospital","760 Broadway","Brooklyn","New York","11206","7189638101","Kings","Metropolitan Area Regional Office - New York City","Municipality","40.700535","-73.941711"
"Brooklyn Hospital Center - Downtown Campus","Hospital","121 Dekalb Avenue","Brooklyn","New York","11201","7182508000","Kings","Metropolitan Area Regional Office - New York City","Not for Profit Corporation","40.689842","-73.977455"
"Mount Sinai Brooklyn","Hospital","3201 Kings Highway","Brooklyn","New York","11234","7189513000","Kings","Metropolitan Area Regional Office - New York City","Not for Profit Corporation","40.617954","-73.94323"
"Kings County Hospital Center","Hospital","451 Clarkson Avenue","Brooklyn","New York","11203","7182453901","Kings","Metropolitan Area Regional Office - New York City","Municipality","40.655823","-73.944099"
"NYU Langone Hospital-Brooklyn","Hospital","150 55th Street","Brooklyn","New York","11220","7186307300","Kings","Metropolitan Area Regional Office - New York City","Not for Profit Corporation","40.646591","-74.020439"
"Maimonides Medical Center","Hospital","4802 Tenth Avenue","Brooklyn","New York","11219","7182836000","Kings","Metropolitan Area Regional Office - New York City","Not for Profit Corporation","40.639423","-73.99839"
"Maimonides Midwood Community Hospital","Hospital","2525 Kings Highway","Brooklyn","New York","11229","7186925300","Kings","Metropolitan Area Regional Office - New York City","Not for Profit Corporation","40.613419","-73.948967"
"NYU Langone Hospital - Joseph S. and Diane H. Steinberg Ambulatory Care Center","Hospital","70 Atlantic Avenue","Brooklyn","New York","11201",,"Kings","Metropolitan Area Regional Office - New York City","Not for Profit Corporation","40.69093","-73.99751"
"Wyckoff Heights Medical Center","Hospital","374 Stockholm Street","Brooklyn","New York","11237","7189637101","Kings","Metropolitan Area Regional Office - New York City","Not for Profit Corporation","40.704517","-73.91774"
"University Hospital of Brooklyn","Hospital","445 Lenox Road","Brooklyn","New York","11203","7182702401","Kings","Metropolitan Area Regional Office - New York City","State","40.654518","-73.945045"
"Calvary Hospital","Hospital","150 55th Street","Brooklyn","New York","11220",,"Kings","Metropolitan Area Regional Office - New York City","Not for Profit Corporation","40.646444","-74.021033"
"Nicholas H. Noyes Memorial Hospital","Hospital","111 Clara Barton Street","Dansville","New York","14437","5853356001","Livingston","Western Regional Office - Rochester","Not for Profit Corporation","42.551964","-77.700195"
"Oneida Health Hospital","Hospital","321 Genesee Street","Oneida","New York","13421","3153636000","Madison","Central New York Regional Office","Not for Profit Corporation","43.07869","-75.654449"
"Highland Hospital","Hospital","1000 South Avenue","Rochester","New York","14620","5854732200","Monroe","Western Regional Office - Rochester","Not for Profit Corporation","43.135769","-77.607544"
"The Unity Hospital of Rochester","Hospital","1555 Long Pond Road","Rochester","New York","14626","5857237000","Monroe","Western Regional Office - Rochester","Not for Profit Corporation","43.191551","-77.701538"
"Rochester General Hospital","Hospital","1425 Portland Avenue","Rochester","New York","14621","5859224000","Monroe","Western Regional Office - Rochester","Not for Profit Corporation","43.192619","-77.584503"
"Unity Specialty Hospital","Hospital","89 Genesee Street","Rochester","New York","14611","5857237000","Monroe","Western Regional Office - Rochester","Not for Profit Corporation","43.14901","-77.636139"
"URMC Strong West","Hospital","156 West Avenue","Brockport","New York","14420","5857851000","Monroe","Western Regional Office - Rochester","Not for Profit Corporation","43.220116","-77.944695"
"Strong Memorial Hospital","Hospital","601 Elmwood Avenue","Rochester","New York","14642","5852758387","Monroe","Western Regional Office - Rochester","Not for Profit Corporation","43.12292","-77.62431"
"St. Mary's Healthcare","Hospital","427 Guy Park Avenue","Amsterdam","New York","12010","5188421900","Montgomery","Capital District Regional Office","Not for Profit Corporation","42.953758","-74.216194"
"St. Mary's Healthcare - Amsterdam Memorial Campus","Hospital","4988 Sthwy 30","Amsterdam","New York","12010","5188423100","Montgomery","Capital District Regional Office","Not for Profit Corporation","42.961201","-74.186272"
"Syosset Hospital","Hospital","221 Jericho Turnpike","Syosset","New York","11791","5164966400","Nassau","Metropolitan Area Regional Office - Long Island","Not for Profit Corporation","40.810238","-73.508614"
"Long Island Jewish Valley Stream","Hospital","900 Franklin Avenue","Valley Stream","New York","11580","5162566000","Nassau","Metropolitan Area Regional Office - Long Island","Not for Profit Corporation","40.681789","-73.685814"
"Nassau University Medical Center","Hospital","2201 Hempstead Turnpike","East Meadow","New York","11554","5165720123","Nassau","Metropolitan Area Regional Office - Long Island","Public Benefit Corporation","40.725353","-73.554321"
"Mount Sinai South Nassau","Hospital","One Healthy Way","Oceanside","New York","11572","5166323000","Nassau","Metropolitan Area Regional Office - Long Island","Not for Profit Corporation","40.649601","-73.6315"
"Syosset Hospital","Hospital","221 Jericho Turnpike","Syosset","New York","11791","5164966400","Nassau","Metropolitan Area Regional Office - Long Island","Not for Profit Corporation","40.810238","-73.508614"
"North Shore University Hospital","Hospital","300 Community Drive","Manhasset","New York","11030","5165628730","Nassau","Metropolitan Area Regional Office - Long Island","Not for Profit Corporation","40.77924","-73.702888"
"Mercy Hospital","Hospital","1000 North Village Avenue","Rockville Centre","New York","11570","5167052525","Nassau","Metropolitan Area Regional Office - Long Island","Not for Profit Corporation","40.688408","-73.63324"
"Plainview Hospital","Hospital","888 Old Country Road","Plainview","New York","11803","5167193000","Nassau","Metropolitan Area Regional Office - Long Island","Not for Profit Corporation","40.774471","-73.478264"
"St. Francis Hospital & Heart Center","Hospital","100 Port Washington Boulevard","Roslyn","New York","11576","5165626000","Nassau","Metropolitan Area Regional Office - Long Island","Not for Profit Corporation","40.800301","-73.669098"
"St. Joseph Hospital","Hospital","4295 Hempstead Turnpike","Bethpage","New York","11714","5165796000","Nassau","Metropolitan Area Regional Office - Long Island","Not for Profit Corporation","40.725853","-73.478714"
"Glen Cove Hospital","Hospital","101 St Andrews Lane","Glen Cove","New York","11542","5166747588","Nassau","Metropolitan Area Regional Office - Long Island","Not for Profit Corporation","40.871731","-73.62159"
"North Shore University Hospital","Hospital","300 Community Drive","Manhasset","New York","11030","5165628730","Nassau","Metropolitan Area Regional Office - Long Island","Not for Profit Corporation","40.77924","-73.702888"
"Long Island Jewish Valley Stream","Hospital","900 Franklin Avenue","Valley Stream","New York","11580","5162566000","Nassau","Metropolitan Area Regional Office - Long Island","Not for Profit Corporation","40.681789","-73.685814"
"South Nassau Communities Hospital Off-Campus Emergency Department","Hospital","325 East Bay Drive","Long Beach","New York","11561","5168701010","Nassau","Metropolitan Area Regional Office - Long Island","Not for Profit Corporation","40.594237","-73.654958"
"NYU Langone Hospital-Long Island","Hospital","259 First Street","Mineola","New York","11501","5166630333","Nassau","Metropolitan Area Regional Office - Long Island","Not for Profit Corporation","40.741699","-73.643082"
"Plainview Hospital","Hospital","888 Old Country Road","Plainview","New York","11803","5167193000","Nassau","Metropolitan Area Regional Office - Long Island","Not for Profit Corporation","40.774471","-73.478264"
"Glen Cove Hospital","Hospital","101 St Andrews Lane","Glen Cove","New York","11542","5166747588","Nassau","Metropolitan Area Regional Office - Long Island","Not for Profit Corporation","40.871731","-73.62159"
"Henry J. Carter Specialty Hospital","Hospital","1752 Park Avenue","New York","New York","10035","2123188000","New York","Metropolitan Area Regional Office - New York City","Municipality","40.802979","-73.940811"
"Mount Sinai -  Behavioral Health Center","Hospital","45 Rivington Street","New York","New York","10002",,"New York","Metropolitan Area Regional Office - New York City","Not for Profit Corporation","40.72082","-73.99109"
"Lenox Hill Hospital","Hospital","100 East 77th Street","New York","New York","10021","2124342000","New York","Metropolitan Area Regional Office - New York City","Not for Profit Corporation","40.773907","-73.960632"
"Mount Sinai Morningside","Hospital","1111 Amsterdam Avenue","New York","New York","10025","2125234295","New York","Metropolitan Area Regional Office - New York City","Not for Profit Corporation","40.805912","-73.961639"
"Northwell Greenwich Village Hospital","Hospital","30 Seventh Avenue","New York","New York","10011","5164658018","New York","Metropolitan Area Regional Office - New York City","Not for Profit Corporation","40.737576","-74.000488"
"Bellevue Hospital Center","Hospital","462 First Avenue","New York","New York","10016","2125624132","New York","Metropolitan Area Regional Office - New York City","Municipality","40.739605","-73.976509"
"New York-Presbyterian/Lower Manhattan Hospital","Hospital","170 William Street","New York","New York","10038","2123125175","New York","Metropolitan Area Regional Office - New York City","Not for Profit Corporation","40.710426","-74.005486"
"Mount Sinai West","Hospital","1000 10th Avenue","New York","New York","10019","2125237225","New York","Metropolitan Area Regional Office - New York City","Not for Profit Corporation","40.770092","-73.987785"
"New York-Presbyterian Hospital - Allen Hospital","Hospital","5141 Broadway","New York","New York","10034","2129324000","New York","Metropolitan Area Regional Office - New York City","Not for Profit Corporation","40.872475","-73.912773"
"New York-Presbyterian David H. Koch Center","Hospital","1283 York Avenue","New York","New York","10065",,"New York","Metropolitan Area Regional Office - New York City","Not for Profit Corporation","40.764794","-73.955346"
"Mount Sinai Hospital","Hospital","One Gustave L Levy Place","New York","New York","10029","2122417005","New York","Metropolitan Area Regional Office - New York City","Not for Profit Corporation","40.790482","-73.953766"
"New York-Presbyterian Hospital - New York Weill Cornell Center","Hospital","525 East 68th Street","New York","New York","10021","2127465454","New York","Metropolitan Area Regional Office - New York City","Not for Profit Corporation","40.76408","-73.954926"
"Northwell Greenwich Village Hospital","Hospital","30 Seventh Avenue","New York","New York","10011","5164658018","New York","Metropolitan Area Regional Office - New York City","Not for Profit Corporation","40.737576","-74.000488"
"Lenox Hill Hospital","Hospital","100 East 77th Street","New York","New York","10021","2124342000","New York","Metropolitan Area Regional Office - New York City","Not for Profit Corporation","40.773907","-73.960632"
"Memorial Hospital for Cancer and Allied Diseases","Hospital","1275 York Avenue","New York","New York","10065","2126392000","New York","Metropolitan Area Regional Office - New York City","Not for Profit Corporation","40.764386","-73.956812"
"Harlem Hospital Center","Hospital","506 Lenox Avenue","New York","New York","10037","2129391000","New York","Metropolitan Area Regional Office - New York City","Municipality","40.81435","-73.940506"
"NYU Langone Hospitals","Hospital","550 First Avenue","New York","New York","10016","2122635500","New York","Metropolitan Area Regional Office - New York City","Not for Profit Corporation","40.742874","-73.974159"
"Metropolitan Hospital Center","Hospital","1901 First Avenue","New York","New York","10029","2124238993","New York","Metropolitan Area Regional Office - New York City","Municipality","40.784775","-73.94368"
"Hospital for Special Surgery","Hospital","535 E 70th Street","New York","New York","10021","2126061236","New York","Metropolitan Area Regional Office - New York City","Not for Profit Corporation","40.765381","-73.954185"
"David H. Koch Center For Cancer Care","Hospital","530 East 74th Street","New York","New York","10021",,"New York","Metropolitan Area Regional Office - New York City","Not for Profit Corporation","40.767588","-73.951584"
"New York Eye and Ear Infirmary of Mount Sinai","Hospital","310 East 14th Street","New York","New York","10003","2129794300","New York","Metropolitan Area Regional Office - New York City","Not for Profit Corporation","40.732189","-73.984711"
"NYU Langone Orthopedic Hospital","Hospital","301 East 17th Street","New York","New York","10003","2125986000","New York","Metropolitan Area Regional Office - New York City","Not for Profit Corporation","40.734127","-73.98307"
"New York-Presbyterian Hospital - Columbia Presbyterian Center","Hospital","622 West 168th Street","New York","New York","10032","2123052500","New York","Metropolitan Area Regional Office - New York City","Not for Profit Corporation","40.84131","-73.94065"
"Lockport Memorial Hospital, a Campus of Mount St Mary's","Hospital","6001 Shimer Drive","Lockport","New York","14094",,"Niagara","Western Regional Office - Buffalo","Not for Profit Corporation","43.14885","-78.70661"
"Niagara Falls Memorial Medical Center","Hospital","621 Tenth Street","Niagara Falls","New York","14302","7162784000","Niagara","Western Regional Office - Buffalo","Not for Profit Corporation","43.094048","-79.0504"
"Mount St. Mary's Hospital and Health Center","Hospital","5300 Military Road","Lewiston","New York","14092","7162974800","Niagara","Western Regional Office - Buffalo","Not for Profit Corporation",,
"Faxton St Luke's Healthcare Campus","Hospital","1650 Champlin  Avenue","Utica","New York","13502","3156246001","Oneida","Central New York Regional Office","Not for Profit Corporation","43.09808","-75.27546"
"Wynn Hospital","Hospital","111 Hospital Drive","Utica","New York","13502","3159177760","Oneida","Central New York Regional Office","Not for Profit Corporation","43.10333","-75.23508"
"Rome Memorial Hospital, Inc","Hospital","1500 N James St","Rome","New York","13440","3153387000","Oneida","Central New York Regional Office","Not for Profit Corporation","43.229935","-75.443466"
"St. Joseph's Hospital Health Center","Hospital","301 Prospect Avenue","Syracuse","New York","13203","3154485111","Onondaga","Central New York Regional Office","Not for Profit Corporation","43.055744","-76.149384"
"University Hospital SUNY Health Science Center","Hospital","750 East Adams Street","Syracuse","New York","13210","3154645540","Onondaga","Central New York Regional Office","State","43.042622","-76.138809"
"Children's Pavilion Upstate Medical University","Hospital","655 Madison Street","Syracuse","New York","13210","3154649681","Onondaga","Central New York Regional Office","State","43.04574","-76.13838"
"Crouse Hospital - Commonwealth Division","Hospital","6010 East Malloy Road","Syracuse","New York","13211","3154342470","Onondaga","Central New York Regional Office","Not for Profit Corporation","43.099155","-76.098633"
"UPSTATE University Hospital at Community General","Hospital","4900 Broad Road","Syracuse","New York","13215","3154925953","Onondaga","Central New York Regional Office","State","43.007816","-76.17025"
"Crouse Hospital","Hospital","736 Irving Avenue","Syracuse","New York","13210","3154707111","Onondaga","Central New York Regional Office","Not for Profit Corporation","43.041107","-76.137932"
"St. Joseph's Hospital Health Center","Hospital","301 Prospect Avenue","Syracuse","New York","13203","3154485111","Onondaga","Central New York Regional Office","Not for Profit Corporation","43.055744","-76.149384"
"F.F. Thompson Hospital","Hospital","350 Parrish Street","Canandaigua","New York","14424","7163966527","Ontario","Western Regional Office - Rochester","Not for Profit Corporation","42.875027","-77.289818"
"Geneva General Hospital","Hospital","196-198 North Street","Geneva","New York","14456","3157874000","Ontario","Western Regional Office - Rochester","Not for Profit Corporation","42.875748","-76.987427"
"Clifton Springs Hospital and Clinic","Hospital","2 Coulter Road","Clifton Springs","New York","14432","3154621311","Ontario","Western Regional Office - Rochester","Not for Profit Corporation","42.960537","-77.138863"
"Port Jervis Community Hospital, a member of WMCHealth","Hospital","160 East Main Street","Port Jervis","New York","12771","8458565351","Orange","Metropolitan Area Regional Office - New Rochelle","Public Benefit Corporation","41.367916","-74.682487"
"St. Anthony Community Hospital, a member of WMCHealth","Hospital","15 Maple Avenue","Warwick","New York","10990","8459862276","Orange","Metropolitan Area Regional Office - New Rochelle","Public Benefit Corporation","41.260586","-74.357185"
"Garnet Health Medical Center","Hospital","707 East Main Street","Middletown","New York","10940","8453331000","Orange","Metropolitan Area Regional Office - New Rochelle","Not for Profit Corporation","41.439953","-74.368744"
"St Luke's Cornwall Hospital/Newburgh","Hospital","70 Dubois Street","Newburgh","New York","12550","8455614400","Orange","Metropolitan Area Regional Office - New Rochelle","Not for Profit Corporation","41.503017","-74.015129"
"Oswego Hospital","Hospital","110 W Sixth Street","Oswego","New York","13126","3153495511","Oswego","Central New York Regional Office","Not for Profit Corporation","43.454781","-76.516434"
"Lakeview Center for Mental Health and Wellness","Hospital","29 East Cayuga Street","Oswego","New York","13126","3153495526","Oswego","Central New York Regional Office","Not for Profit Corporation","43.459419","-76.506788"
"Mary Imogene Bassett Hospital","Hospital","One Atwell Road","Cooperstown","New York","13326","6075473456","Otsego","Capital District Regional Office","Not for Profit Corporation","42.695793","-74.922684"
"A.O. Fox Memorial Hospital","Hospital","One Norton Avenue","Oneonta","New York","13820","6074322000","Otsego","Capital District Regional Office","Not for Profit Corporation","42.457405","-75.053261"
"Putnam Hospital","Hospital","670 Stoneleigh Avenue","Carmel","New York","10512","8452795711","Putnam","Metropolitan Area Regional Office - New Rochelle","Not for Profit Corporation","41.384766","-73.664413"
"Putnam Hospital","Hospital","670 Stoneleigh Avenue","Carmel","New York","10512","8452795711","Putnam","Metropolitan Area Regional Office - New Rochelle","Not for Profit Corporation","41.384766","-73.664413"
"St Johns Episcopal Hospital So Shore","Hospital","327 Beach 19th Street","Far Rockaway","New York","11691","7188687320","Queens","Metropolitan Area Regional Office - New York City","Not for Profit Corporation","40.598637","-73.752769"
"NewYork-Presbyterian/Queens","Hospital","56-45 Main Street","Flushing","New York","11355","7186701021","Queens","Metropolitan Area Regional Office - New York City","Not for Profit Corporation","40.747517","-73.826035"
"Elmhurst Hospital Center","Hospital","79-01 Broadway","Elmhurst","New York","11373","7183344000","Queens","Metropolitan Area Regional Office - New York City","Municipality","40.74432","-73.885719"
"Flushing Hospital Medical Center","Hospital","45th Avenue & Parsons Blvd","Flushing","New York","11355","7186705918","Queens","Metropolitan Area Regional Office - New York City","Not for Profit Corporation","40.755531","-73.815475"
"Long Island Jewish Medical Center","Hospital","270-05 76th Avenue","New Hyde Park","New York","11040","7184707764","Queens","Metropolitan Area Regional Office - New York City","Not for Profit Corporation","40.75467","-73.70664"
"Long Island Jewish Forest Hills","Hospital","102-01 66th Road","Forest Hills","New York","11375","5165624060","Queens","Metropolitan Area Regional Office - New York City","Not for Profit Corporation","40.728745","-73.851036"
"Long Island Jewish Forest Hills","Hospital","102-01 66th Road","Forest Hills","New York","11375","5165624060","Queens","Metropolitan Area Regional Office - New York City","Not for Profit Corporation","40.728745","-73.851036"
"Jamaica Hospital Medical Center","Hospital","89th Avenue & Van Wyck Expressway","Jamaica","New York","11418","7182066000","Queens","Metropolitan Area Regional Office - New York City","Not for Profit Corporation","40.701412","-73.816299"
"Queens Hospital Center","Hospital","82-68 164th Street","Jamaica","New York","11432","7188832350","Queens","Metropolitan Area Regional Office - New York City","Municipality","40.71722","-73.803581"
"Mount Sinai Hospital - Mount Sinai Hospital of Queens","Hospital","25-10 30th Avenue","Long Island City","New York","11102","7189321000","Queens","Metropolitan Area Regional Office - New York City","Not for Profit Corporation","40.768269","-73.924461"
"Long Island Jewish Medical Center","Hospital","270-05 76th Avenue","New Hyde Park","New York","11040","7184707764","Queens","Metropolitan Area Regional Office - New York City","Not for Profit Corporation","40.75467","-73.70664"
"Samaritan Hospital","Hospital","2215 Burdett Avenue","Troy","New York","12180","5182713300","Rensselaer","Capital District Regional Office","Not for Profit Corporation","42.733574","-73.671455"
"St. Peter's Hospital - SPARC","Hospital","1300 Massachusetts Avenue","Troy","New York","12180","5182685941","Rensselaer","Capital District Regional Office","Not for Profit Corporation","42.74284","-73.67645"
"St. Peter's Hospital - SPARC","Hospital","1300 Massachusetts Avenue","Troy","New York","12180","5182685941","Rensselaer","Capital District Regional Office","Not for Profit Corporation","42.74284","-73.67645"
"Samaritan Hospital","Hospital","2215 Burdett Avenue","Troy","New York","12180","5182713300","Rensselaer","Capital District Regional Office","Not for Profit Corporation","42.733574","-73.671455"
"Richmond University Medical Center","Hospital","355 Bard Avenue","Staten Island","New York","10310","7188182413","Richmond","Metropolitan Area Regional Office - New York City","Not for Profit Corporation","40.635807","-74.106674"
"Staten Island University Hosp-North","Hospital","475 Seaview Avenue","Staten Island","New York","10305","7182269515","Richmond","Metropolitan Area Regional Office - New York City","Not for Profit Corporation","40.58453","-74.08561"
"RUMC-Bayley Seton","Hospital","75 Vanderbilt Avenue","Staten Island","New York","10304","7183906000","Richmond","Metropolitan Area Regional Office - New York City","Not for Profit Corporation","40.621376","-74.07476"
"Staten Island University Hospital Prince's Bay","Hospital","375 Seguine Avenue","Staten Island","New York","10309","7182269515","Richmond","Metropolitan Area Regional Office - New York City","Not for Profit Corporation","40.516773","-74.196808"
"Staten Island University Hosp-North","Hospital","475 Seaview Avenue","Staten Island","New York","10305","7182269515","Richmond","Metropolitan Area Regional Office - New York City","Not for Profit Corporation","40.58453","-74.08561"
"Staten Island University Hospital Prince's Bay","Hospital","375 Seguine Avenue","Staten Island","New York","10309","7182269515","Richmond","Metropolitan Area Regional Office - New York City","Not for Profit Corporation","40.516773","-74.196808"
"Helen Hayes Hospital","Hospital","51 N Route 9W","West Haverstraw","New York","10993","8457864000","Rockland","Metropolitan Area Regional Office - New Rochelle","State","41.213886","-73.986"
"Montefiore Nyack","Hospital","160 North Midland Avenue","Nyack","New York","10960","8453482000","Rockland","Metropolitan Area Regional Office - New Rochelle","Not for Profit Corporation","41.096249","-73.924957"
"Good Samaritan Hospital, a member of WMCHealth","Hospital","255 Lafayette Avenue","Suffern","New York","10901","8453685000","Rockland","Metropolitan Area Regional Office - New Rochelle","Public Benefit Corporation","41.112255","-74.133003"
"Canton-Potsdam Hospital","Hospital","50 Leroy Street","Potsdam","New York","13676","3152653300","Saint Lawrence","Central New York Regional Office","Not for Profit Corporation","44.676151","-74.981529"
"Massena Hospital","Hospital","1 Hospital Drive","Massena","New York","13662","3157641711","Saint Lawrence","Central New York Regional Office","Not for Profit Corporation","44.936363","-74.907951"
"Saratoga Hospital","Hospital","211 Church Street","Saratoga Springs","New York","12866","5185873222","Saratoga","Capital District Regional Office","Not for Profit Corporation","43.084843","-73.796341"
"Ellis Hospital - Bellevue Woman's Care Center Division","Hospital","2210 Troy Road","Niskayuna","New York","12309","5183469400","Schenectady","Capital District Regional Office","Not for Profit Corporation","42.793575","-73.879089"
"Ellis Hospital","Hospital","1101 Nott Street","Schenectady","New York","12308","5182434000","Schenectady","Capital District Regional Office","Not for Profit Corporation","42.819839","-73.918747"
"Sunnyview Hospital and Rehabilitation Center","Hospital","1270 Belmont Avenue","Schenectady","New York","12308","5183824500","Schenectady","Capital District Regional Office","Not for Profit Corporation","42.82206","-73.913651"
"Sunnyview Hospital and Rehabilitation Center","Hospital","1270 Belmont Avenue","Schenectady","New York","12308","5183824500","Schenectady","Capital District Regional Office","Not for Profit Corporation","42.82206","-73.913651"
"St. James Hospital","Hospital","7329 Seneca Road North","Hornell","New York","14843","6073248000","Steuben","Western Regional Office - Rochester","Not for Profit Corporation","42.314438","-77.660164"
"Corning Hospital","Hospital","1 Guthrie Drive","Corning","New York","14830","6079377200","Steuben","Western Regional Office - Rochester","Not for Profit Corporation","42.141293","-77.047562"
"Stony Brook University Hospital","Hospital","Health Sciences Center SUNY","Stony Brook","New York","11794","6314442701","Suffolk","Metropolitan Area Regional Office - Long Island","State","40.909217","-73.115198"
"Peconic Bay Medical Center","Hospital","1 Heroes Way","Riverhead","New York","11901","6315486000","Suffolk","Metropolitan Area Regional Office - Long Island","Not for Profit Corporation","40.9348","-72.6753"
"Stony Brook Eastern Long Island Hospital","Hospital","201 Manor Place","Greenport","New York","11944","6314771000","Suffolk","Metropolitan Area Regional Office - Long Island","State","41.110958","-72.361282"
"Stony Brook Southampton Hospital","Hospital","240 Meeting House Lane","Southampton","New York","11968","6317268200","Suffolk","Metropolitan Area Regional Office - Long Island","State","40.885757","-72.380692"
"South Shore University Hospital","Hospital","301 East Main Street","Bay Shore","New York","11706","6319683000","Suffolk","Metropolitan Area Regional Office - Long Island","Not for Profit Corporation","40.725014","-73.240372"
"Good Samaritan University Hospital","Hospital","1000 Montauk Highway","West Islip","New York","11795","6313763000","Suffolk","Metropolitan Area Regional Office - Long Island","Not for Profit Corporation","40.69409","-73.29447"
"NYU Langone Hospital - Suffolk","Hospital","101 Hospital Road","Patchogue","New York","11772","6316547100","Suffolk","Metropolitan Area Regional Office - Long Island","Not for Profit Corporation","40.778915","-72.978035"
"Huntington Hospital","Hospital","270 Park Avenue","Huntington","New York","11743","6313512200","Suffolk","Metropolitan Area Regional Office - Long Island","Not for Profit Corporation","40.879513","-73.417442"
"Good Samaritan University Hospital St. Charles Campus","Hospital","200 Belle Terre Road","Port Jefferson","New York","11777","6314746600","Suffolk","Metropolitan Area Regional Office - Long Island","Not for Profit Corporation","40.947533","-73.060081"
"South Shore University Hospital","Hospital","301 East Main Street","Bay Shore","New York","11706","6319683000","Suffolk","Metropolitan Area Regional Office - Long Island","Not for Profit Corporation","40.725014","-73.240372"
"John T Mather Memorial Hospital of Port Jefferson New York Inc","Hospital","75 North Country Road","Port Jefferson","New York","11777","6314731320","Suffolk","Metropolitan Area Regional Office - Long Island","Not for Profit Corporation","40.93816","-73.053894"
"St Catherine of Siena Hospital","Hospital","50 Route 25A","Smithtown","New York","11787","6318623107","Suffolk","Metropolitan Area Regional Office - Long Island","Not for Profit Corporation","40.867531","-73.220222"
"Garnet Health Medical Center - Catskills","Hospital","68 Harris-Bushville Road P.O. Box 800","Harris","New York","12742","8457943300","Sullivan","Metropolitan Area Regional Office - New Rochelle","Not for Profit Corporation","41.706588","-74.735987"
"Cayuga Medical Center at Ithaca","Hospital","101 Dates Drive","Ithaca","New York","14850","6072744011","Tompkins","Central New York Regional Office","Not for Profit Corporation","42.469826","-76.536896"
"Cayuga Medical Center at Ithaca","Hospital","101 Dates Drive","Ithaca","New York","14850","6072744011","Tompkins","Central New York Regional Office","Not for Profit Corporation","42.469826","-76.536896"
"HealthAlliance Hospital, a member of WMCHealth","Hospital","105 Marys Avenue","Kingston","New York","12401","8453382500","Ulster","Metropolitan Area Regional Office - New Rochelle","Public Benefit Corporation","41.92161","-73.99988"
"Glens Falls Hospital","Hospital","100 Park Street","Glens Falls","New York","12801","5189261000","Warren","Capital District Regional Office","Not for Profit Corporation","43.30735","-73.645996"
"Newark-Wayne Community Hospital","Hospital","1200 Driving Park Avenue, Box 111","Newark","New York","14513","3153322022","Wayne","Western Regional Office - Rochester","Not for Profit Corporation","43.059728","-77.102244"
"White Plains Hospital Center","Hospital","41 East Post Road","White Plains","New York","10601","9146810600","Westchester","Metropolitan Area Regional Office - New Rochelle","Not for Profit Corporation","41.026333","-73.769585"
"Montefiore New Rochelle Hospital","Hospital","16 Guion Place","New Rochelle","New York","10802","9143653700","Westchester","Metropolitan Area Regional Office - New Rochelle","Not for Profit Corporation","40.913021","-73.787086"
"Phelps Hospital","Hospital","701 North Broadway","Sleepy Hollow","New York","10591","9143663000","Westchester","Metropolitan Area Regional Office - New Rochelle","Not for Profit Corporation","41.107639","-73.859665"
"SJRH - Park Care Pavilion","Hospital","Two Park Avenue","Yonkers","New York","10703","9149647300","Westchester","Metropolitan Area Regional Office - New Rochelle","Not for Profit Corporation","40.939613","-73.892181"
"SJRH - Dobbs Ferry Pavillion","Hospital","128 Ashford Avenue","Dobbs Ferry","New York","10522","9146930700","Westchester","Metropolitan Area Regional Office - New Rochelle","Not for Profit Corporation","41.014721","-73.862259"
"Winifred Masterson Burke Rehabilitation Hospital","Hospital","785 Mamaroneck Avenue","White Plains","New York","10605","9149480050","Westchester","Metropolitan Area Regional Office - New Rochelle","Not for Profit Corporation","41.015186","-73.75573"
"SJRH - St Johns Division","Hospital","967 North Broadway","Yonkers","New York","10701","9149644200","Westchester","Metropolitan Area Regional Office - New Rochelle","Not for Profit Corporation","40.968262","-73.885033"
"Montefiore Mount Vernon Hospital","Hospital","12 North 7th Avenue","Mount Vernon","New York","10550","9143616100","Westchester","Metropolitan Area Regional Office - New Rochelle","Not for Profit Corporation","40.912476","-73.840004"
"NewYork-Presbyterian/Hudson Valley Hospital","Hospital","1980 Crompond Road","Cortlandt Manor","New York","10567","9147379000","Westchester","Metropolitan Area Regional Office - New Rochelle","Not for Profit Corporation","41.291512","-73.893341"
"Northern Westchester Hospital","Hospital","400 East Main Street","Mount Kisco","New York","10549","9146661303","Westchester","Metropolitan Area Regional Office - New Rochelle","Not for Profit Corporation","41.196774","-73.72451"
"New York-Presbyterian Westchester","Hospital","55 Palmer Avenue","Bronxville","New York","10708","9147871000","Westchester","Metropolitan Area Regional Office - New Rochelle","Not for Profit Corporation","40.941673","-73.836334"
"St. Joseph's Medical Center","Hospital","127 South Broadway","Yonkers","New York","10701","9143787000","Westchester","Metropolitan Area Regional Office - New Rochelle","Not for Profit Corporation","40.929512","-73.896957"
"St. Joseph's MC-St. Vincent's Westchester Division","Hospital","275 North Street","Harrison","New York","10528","9149255300","Westchester","Metropolitan Area Regional Office - New Rochelle","Not for Profit Corporation","40.989265","-73.710457"
"New York-Presbyterian Westchester Behavioral Health Center","Hospital","21 Bloomingdale Road","White Plains","New York","10605","9146829100","Westchester","Metropolitan Area Regional Office - New Rochelle","Not for Profit Corporation","41.029835","-73.758293"
"Blythedale Children's Hospital","Hospital","95 Bradhurst Avenue","Valhalla","New York","10595","9145927555","Westchester","Metropolitan Area Regional Office - New Rochelle","Not for Profit Corporation","41.076408","-73.798767"
"Westchester Medical Center","Hospital","100 Woods Road","Valhalla","New York","10595","9144937018","Westchester","Metropolitan Area Regional Office - New Rochelle","Public Benefit Corporation","41.08773","-73.803993"
